post_id,text
QL003,I am allowed to take up space.
QL009,I don't chase. I attract what's meant for me.
QL017,My calm is my power.
QL023,I am becoming someone my younger self would be proud of.
QL029,I release what I can't control.
QL037,"I am leveling up, even when nobody sees it."
QL043,I keep the promises I make to myself.
QL049,I am done apologizing for growing.
QL057,My discipline is louder than my doubts.
QL063,I deserve rest without guilt.
QL069,I move in silence and I move with purpose.
QL077,I don't need an audience to grow.
QL083,I choose progress over perfection.
QL089,I trust the timing of my life.
QL097,I let my results do the talking.
