post_id,text,name,handle
RTT001,Nobody talks about how lonely it gets when you stop being who everyone was used to.,Read This Twice,@readthistwice
RTT005,Healing made me boring and I've never been more at peace.,Read This Twice,@readthistwice
RTT008,You don't need a new year. You need a new Tuesday and the nerve to act different on it.,Read This Twice,@readthistwice
RTT012,The version of you that you're scared to become is the one your life is waiting for.,Read This Twice,@readthistwice
RTT013,Some of y'all aren't tired. You're just carrying conversations you should've ended.,Read This Twice,@readthistwice
RTT016,Discipline is choosing what you want most over what you want now. Every day. Even the boring ones.,Read This Twice,@readthistwice
RTT020,I stopped explaining myself and somehow everyone understood me better.,Read This Twice,@readthistwice
RTT021,Your comfort zone isn't comfortable. It's just familiar.,Read This Twice,@readthistwice
RTT025,"Normalize leaving the party, the job, the group chat, the second it costs you your peace.",Read This Twice,@readthistwice
RTT028,Growth is realizing the thing you begged for would've ruined you.,Read This Twice,@readthistwice
RTT032,You can be grateful for where you are and still refuse to stay there.,Read This Twice,@readthistwice
RTT033,Stop waiting to feel ready. Ready is a feeling that shows up after you start.,Read This Twice,@readthistwice
RTT036,Being misunderstood by people who never tried to understand you is not your problem.,Read This Twice,@readthistwice
RTT040,Quiet seasons are where the loud results get built.,Read This Twice,@readthistwice
RTT041,Not everyone deserves a front row seat to your life. Some get the cheap seats. Some don't get tickets.,Read This Twice,@readthistwice
RTT045,You're not behind. You're on a timeline nobody else has the map to.,Read This Twice,@readthistwice
RTT048,The day you stop needing their approval is the day you get your time back.,Read This Twice,@readthistwice
RTT052,Consistency looks boring from the outside. That's exactly why so few people have it.,Read This Twice,@readthistwice
RTT053,One day you'll thank yourself for not quitting the version of you nobody clapped for.,Read This Twice,@readthistwice
RTT056,Protect your mornings like they're the only part of the day you fully own. Because they are.,Read This Twice,@readthistwice
RTT060,Outgrowing people isn't cruel. Staying small so they stay comfortable is.,Read This Twice,@readthistwice
RTT061,You keep asking for a sign. The exhaustion was the sign.,Read This Twice,@readthistwice
RTT065,Respect people who tell you the truth when lying would've been easier.,Read This Twice,@readthistwice
RTT068,Self-respect is when you'd rather be alone than be half-loved.,Read This Twice,@readthistwice
RTT072,Your future self is watching you right now through memories. Give them something good.,Read This Twice,@readthistwice
RTT073,The habit you keep skipping is the door you keep saying is locked.,Read This Twice,@readthistwice
RTT076,Not answering is an answer. Learn to hear it.,Read This Twice,@readthistwice
RTT080,Calm is a superpower. The person who can't be provoked controls the room.,Read This Twice,@readthistwice
RTT081,Some doors closed because you were never meant to walk back through them.,Read This Twice,@readthistwice
RTT085,Stop shrinking to fit places you've outgrown.,Read This Twice,@readthistwice
RTT088,Rest is not a reward for finishing. It's part of how you finish.,Read This Twice,@readthistwice
RTT092,You don't have to prove anything to people who already decided who you are.,Read This Twice,@readthistwice
RTT093,Small wins every day beat big plans every January.,Read This Twice,@readthistwice
RTT096,The people who are meant for you won't make you audition.,Read This Twice,@readthistwice
RTT100,You're allowed to be a masterpiece and a work in progress at the same time.,Read This Twice,@readthistwice
