post_id,hook,point1,point2,point3,point4,point5
QL004,5 signs you're leveling up quietly,You need less validation.,Drama bores you now.,You'd rather sleep than argue.,Your circle got smaller but better.,You stopped announcing your plans.
QL010,Things I stopped doing that changed my life,Replying instantly.,Explaining my no.,Scrolling before I'm out of bed.,Waiting for motivation.,"Saying ""I'll start Monday."""
QL018,How to get disciplined (when you're not),Make it stupidly small.,"Same time, same place.",Never miss twice.,Track it where you can see it.,"Reward the streak, not the result."
QL024,Read this if you feel behind,"Everyone posts highlights, not rough drafts.",Your path isn't a race.,Late bloomers still bloom.,Comparing chapters is unfair to both of you.,You're allowed to start at any age.
QL030,Habits of people who are quietly winning,Up before the noise.,Read more than they scroll.,Move their body daily.,Keep their goals private.,Say no often.
QL038,Red flags in yourself to fix this year,Needing to win every argument.,Ghosting your own goals.,Blaming your past for your present.,Chasing attention over respect.,"Starting everything, finishing nothing."
QL044,A 5-minute morning reset,Water before phone.,Open a window.,Name 3 things you're grateful for.,Pick ONE must-do task.,Move for 2 minutes.
QL050,How to level up without telling anyone,Stop posting your plans.,Track progress in your notes app.,Let people think you're boring.,Spend one Friday a month building.,"Show results, not intentions."
QL058,What leveling up actually looks like,Not reacting.,Going to bed early on a Friday.,Saying no without a speech.,Choosing the gym over the group chat.,Being okay with nobody noticing yet.
QL064,Rules for protecting your peace,Not every message needs a reply.,Not every opinion needs your input.,Leave early if it feels off.,Mute freely.,Rest before you break.
QL070,Signs you're outgrowing your circle,Your wins make them quiet.,Conversations feel recycled.,"You leave drained, not inspired.",You hide your goals around them.,You feel lonelier with them than alone.
QL078,How to stop overthinking,Write it down.,Ask: will this matter in a year?,Give worry a 10-minute window.,Act on the smallest piece.,Go outside.
QL084,"Before you give up, remember...",Why you started.,How far you've already come.,The person you'd let down is you.,Slow progress is still progress.,Tomorrow-you will be glad you stayed.
QL090,Daily non-negotiables for a better life,10 minutes of sunlight.,One page of a book.,"7,000+ steps.",No phone for the first 30 minutes.,One hard thing.
QL098,Quiet confidence looks like...,Not needing the last word.,Listening more than talking.,Celebrating others easily.,"Being fine with ""no.""",Walking away without a scene.
