post_id,date,time,format,slides,on_image_text,caption
RTT001,2026-10-05,07:30,tweet,1,Nobody talks about how lonely it gets when you stop being who everyone was used to.,"Drop a 🖤 if you needed this today.

Follow @readthistwice for a reminder you'll want to read twice.

#mindset #selfimprovement #motivation"
RTT002,2026-10-05,12:00,one_liner,1,Comfort is the most expensive thing you own.,"Drop a 💥 if this hit you.

Follow @readthistwice for a reminder you'll want to read twice.

#personalgrowth #discipline #mindsetshift"
RTT003,2026-10-05,19:30,affirmation,1,I am allowed to take up space.,"Type YES to claim it 👇

Follow @readthistwice for a reminder you'll want to read twice.

#healingjourney #selfgrowth #innerpeace"
RTT004,2026-10-06,07:30,carousel,7,"5 signs you're leveling up quietly
---
1. You need less validation.
---
2. Drama bores you now.
---
3. You'd rather sleep than argue.
---
4. Your circle got smaller but better.
---
5. You stopped announcing your plans.
---
Save this so you can read it twice.
Follow @readthistwice","5 signs you're leveling up quietly

Which one is you? Comment the number 👇

Follow @readthistwice for a reminder you'll want to read twice.

#motivation #quietconfidence #levelup"
RTT005,2026-10-06,12:00,tweet,1,Healing made me boring and I've never been more at peace.,"Send this to someone who needs it.

Follow @readthistwice for a reminder you'll want to read twice.

#selfrespect #growthmindset #dailyreminder"
RTT006,2026-10-06,19:30,question,1,Be honest: are you building or waiting?,"Comment your answer 👇

Follow @readthistwice for a reminder you'll want to read twice.

#mindset #selfimprovement #motivation"
RTT007,2026-10-07,07:30,one_liner,1,Your excuses have never paid a single bill.,"Truth. Send this to your group chat.

Follow @readthistwice for a reminder you'll want to read twice.

#personalgrowth #discipline #mindsetshift"
RTT008,2026-10-07,12:00,tweet,1,You don't need a new year. You need a new Tuesday and the nerve to act different on it.,"Save this for the days you forget.

Follow @readthistwice for a reminder you'll want to read twice.

#healingjourney #selfgrowth #innerpeace"
RTT009,2026-10-07,19:30,affirmation,1,I don't chase. I attract what's meant for me.,"Type YES if this is for you 👇

Follow @readthistwice for a reminder you'll want to read twice.

#motivation #quietconfidence #levelup"
RTT010,2026-10-08,07:30,carousel,7,"Things I stopped doing that changed my life
---
1. Replying instantly.
---
2. Explaining my no.
---
3. Scrolling before I'm out of bed.
---
4. Waiting for motivation.
---
5. Saying ""I'll start Monday.""
---
Save this so you can read it twice.
Follow @readthistwice","Things I stopped doing that changed my life

Save this and come back to it.

Follow @readthistwice for a reminder you'll want to read twice.

#selfrespect #growthmindset #dailyreminder"
RTT011,2026-10-08,12:00,one_liner,1,Silence is a full sentence.,"Read it twice. Drop a 💥 if it hit.

Follow @readthistwice for a reminder you'll want to read twice.

#mindset #selfimprovement #motivation"
RTT012,2026-10-08,19:30,tweet,1,The version of you that you're scared to become is the one your life is waiting for.,"Drop a 🖤 to affirm this.

Follow @readthistwice for a reminder you'll want to read twice.

#personalgrowth #discipline #mindsetshift"
RTT013,2026-10-09,07:30,tweet,1,Some of y'all aren't tired. You're just carrying conversations you should've ended.,"Drop a 🖤 if you needed this today.

Follow @readthistwice for a reminder you'll want to read twice.

#healingjourney #selfgrowth #innerpeace"
RTT014,2026-10-09,12:00,one_liner,1,Peace over people. Every time.,"Save this one.

Follow @readthistwice for a reminder you'll want to read twice.

#motivation #quietconfidence #levelup"
RTT015,2026-10-09,19:30,question,1,What's one habit you're starting this week?,"Answer below. No wrong answers 👇

Follow @readthistwice for a reminder you'll want to read twice.

#selfrespect #growthmindset #dailyreminder"
RTT016,2026-10-10,07:30,tweet,1,Discipline is choosing what you want most over what you want now. Every day. Even the boring ones.,"Send this to someone who needs it.

Follow @readthistwice for a reminder you'll want to read twice.

#mindset #selfimprovement #motivation"
RTT017,2026-10-10,12:00,affirmation,1,My calm is my power.,"Comment ""mine"" to claim it 👇

Follow @readthistwice for a reminder you'll want to read twice.

#personalgrowth #discipline #mindsetshift"
RTT018,2026-10-10,19:30,carousel,7,"How to get disciplined (when you're not)
---
1. Make it stupidly small.
---
2. Same time, same place.
---
3. Never miss twice.
---
4. Track it where you can see it.
---
5. Reward the streak, not the result.
---
Save this so you can read it twice.
Follow @readthistwice","How to get disciplined (when you're not)

Send this to someone who's quietly leveling up.

Follow @readthistwice for a reminder you'll want to read twice.

#healingjourney #selfgrowth #innerpeace"
RTT019,2026-10-11,07:30,one_liner,1,Busy is not the same as productive.,"Drop a 💥 if this hit you.

Follow @readthistwice for a reminder you'll want to read twice.

#motivation #quietconfidence #levelup"
RTT020,2026-10-11,12:00,tweet,1,I stopped explaining myself and somehow everyone understood me better.,"Save this for the days you forget.

Follow @readthistwice for a reminder you'll want to read twice.

#selfrespect #growthmindset #dailyreminder"
RTT021,2026-10-11,19:30,tweet,1,Your comfort zone isn't comfortable. It's just familiar.,"Drop a 🖤 to affirm this.

Follow @readthistwice for a reminder you'll want to read twice.

#mindset #selfimprovement #motivation"
RTT022,2026-10-12,07:30,one_liner,1,You can't heal in the same place that hurt you.,"Truth. Send this to your group chat.

Follow @readthistwice for a reminder you'll want to read twice.

#personalgrowth #discipline #mindsetshift"
RTT023,2026-10-12,12:00,affirmation,1,I am becoming someone my younger self would be proud of.,"Type YES to claim it 👇

Follow @readthistwice for a reminder you'll want to read twice.

#healingjourney #selfgrowth #innerpeace"
RTT024,2026-10-12,19:30,carousel,7,"Read this if you feel behind
---
1. Everyone posts highlights, not rough drafts.
---
2. Your path isn't a race.
---
3. Late bloomers still bloom.
---
4. Comparing chapters is unfair to both of you.
---
5. You're allowed to start at any age.
---
Save this so you can read it twice.
Follow @readthistwice","Read this if you feel behind

Which one is you? Comment the number 👇

Follow @readthistwice for a reminder you'll want to read twice.

#motivation #quietconfidence #levelup"
RTT025,2026-10-13,07:30,tweet,1,"Normalize leaving the party, the job, the group chat, the second it costs you your peace.","Drop a 🖤 if you needed this today.

Follow @readthistwice for a reminder you'll want to read twice.

#selfrespect #growthmindset #dailyreminder"
RTT026,2026-10-13,12:00,question,1,Would you rather be respected or liked?,"Comment your answer 👇

Follow @readthistwice for a reminder you'll want to read twice.

#mindset #selfimprovement #motivation"
RTT027,2026-10-13,19:30,one_liner,1,Motivation leaves. Habits stay.,"Read it twice. Drop a 💥 if it hit.

Follow @readthistwice for a reminder you'll want to read twice.

#personalgrowth #discipline #mindsetshift"
RTT028,2026-10-14,07:30,tweet,1,Growth is realizing the thing you begged for would've ruined you.,"Send this to someone who needs it.

Follow @readthistwice for a reminder you'll want to read twice.

#healingjourney #selfgrowth #innerpeace"
RTT029,2026-10-14,12:00,affirmation,1,I release what I can't control.,"Type YES if this is for you 👇

Follow @readthistwice for a reminder you'll want to read twice.

#motivation #quietconfidence #levelup"
RTT030,2026-10-14,19:30,carousel,7,"Habits of people who are quietly winning
---
1. Up before the noise.
---
2. Read more than they scroll.
---
3. Move their body daily.
---
4. Keep their goals private.
---
5. Say no often.
---
Save this so you can read it twice.
Follow @readthistwice","Habits of people who are quietly winning

Save this and come back to it.

Follow @readthistwice for a reminder you'll want to read twice.

#selfrespect #growthmindset #dailyreminder"
RTT031,2026-10-15,07:30,one_liner,1,Nobody is coming. Get up.,"Save this one.

Follow @readthistwice for a reminder you'll want to read twice.

#mindset #selfimprovement #motivation"
RTT032,2026-10-15,12:00,tweet,1,You can be grateful for where you are and still refuse to stay there.,"Save this for the days you forget.

Follow @readthistwice for a reminder you'll want to read twice.

#personalgrowth #discipline #mindsetshift"
RTT033,2026-10-15,19:30,tweet,1,Stop waiting to feel ready. Ready is a feeling that shows up after you start.,"Drop a 🖤 to affirm this.

Follow @readthistwice for a reminder you'll want to read twice.

#healingjourney #selfgrowth #innerpeace"
RTT034,2026-10-16,07:30,one_liner,1,Your circle is a forecast of your future.,"Drop a 💥 if this hit you.

Follow @readthistwice for a reminder you'll want to read twice.

#motivation #quietconfidence #levelup"
RTT035,2026-10-16,12:00,question,1,What did you outgrow this year?,"Answer below. No wrong answers 👇

Follow @readthistwice for a reminder you'll want to read twice.

#selfrespect #growthmindset #dailyreminder"
RTT036,2026-10-16,19:30,tweet,1,Being misunderstood by people who never tried to understand you is not your problem.,"Drop a 🖤 if you needed this today.

Follow @readthistwice for a reminder you'll want to read twice.

#mindset #selfimprovement #motivation"
RTT037,2026-10-17,07:30,affirmation,1,Good things are finding their way to me this month.,"Comment ""mine"" to claim it 👇

Follow @readthistwice for a reminder you'll want to read twice.

#personalgrowth #discipline #mindsetshift"
RTT038,2026-10-17,12:00,carousel,7,"Red flags in yourself to fix this year
---
1. Needing to win every argument.
---
2. Ghosting your own goals.
---
3. Blaming your past for your present.
---
4. Chasing attention over respect.
---
5. Starting everything, finishing nothing.
---
Save this so you can read it twice.
Follow @readthistwice","Red flags in yourself to fix this year

Send this to someone who's quietly leveling up.

Follow @readthistwice for a reminder you'll want to read twice.

#healingjourney #selfgrowth #innerpeace"
RTT039,2026-10-17,19:30,one_liner,1,Stop romanticizing your potential. Start using it.,"Truth. Send this to your group chat.

Follow @readthistwice for a reminder you'll want to read twice.

#motivation #quietconfidence #levelup"
RTT040,2026-10-18,07:30,tweet,1,Quiet seasons are where the loud results get built.,"Send this to someone who needs it.

Follow @readthistwice for a reminder you'll want to read twice.

#selfrespect #growthmindset #dailyreminder"
RTT041,2026-10-18,12:00,tweet,1,Not everyone deserves a front row seat to your life. Some get the cheap seats. Some don't get tickets.,"Save this for the days you forget.

Follow @readthistwice for a reminder you'll want to read twice.

#mindset #selfimprovement #motivation"
RTT042,2026-10-18,19:30,one_liner,1,Delayed is not denied.,"Read it twice. Drop a 💥 if it hit.

Follow @readthistwice for a reminder you'll want to read twice.

#personalgrowth #discipline #mindsetshift"
RTT043,2026-10-19,07:30,affirmation,1,I keep the promises I make to myself.,"Type YES to claim it 👇

Follow @readthistwice for a reminder you'll want to read twice.

#healingjourney #selfgrowth #innerpeace"
RTT044,2026-10-19,12:00,carousel,7,"A 5-minute morning reset
---
1. Water before phone.
---
2. Open a window.
---
3. Name 3 things you're grateful for.
---
4. Pick ONE must-do task.
---
5. Move for 2 minutes.
---
Save this so you can read it twice.
Follow @readthistwice","A 5-minute morning reset

Which one is you? Comment the number 👇

Follow @readthistwice for a reminder you'll want to read twice.

#motivation #quietconfidence #levelup"
RTT045,2026-10-19,19:30,tweet,1,You're not behind. You're on a timeline nobody else has the map to.,"Drop a 🖤 to affirm this.

Follow @readthistwice for a reminder you'll want to read twice.

#selfrespect #growthmindset #dailyreminder"
RTT046,2026-10-20,07:30,question,1,Peace or being right? You only get one.,"Comment your answer 👇

Follow @readthistwice for a reminder you'll want to read twice.

#mindset #selfimprovement #motivation"
RTT047,2026-10-20,12:00,one_liner,1,"If it costs your peace, it's too expensive.","Save this one.

Follow @readthistwice for a reminder you'll want to read twice.

#personalgrowth #discipline #mindsetshift"
RTT048,2026-10-20,19:30,tweet,1,The day you stop needing their approval is the day you get your time back.,"Drop a 🖤 if you needed this today.

Follow @readthistwice for a reminder you'll want to read twice.

#healingjourney #selfgrowth #innerpeace"
RTT049,2026-10-21,07:30,affirmation,1,I am done apologizing for growing.,"Type YES if this is for you 👇

Follow @readthistwice for a reminder you'll want to read twice.

#motivation #quietconfidence #levelup"
RTT050,2026-10-21,12:00,carousel,7,"Free things that change everything
---
1. Sleep.
---
2. Walking.
---
3. Saying no.
---
4. Drinking water.
---
5. Silence.
---
Save this so you can read it twice.
Follow @readthistwice","Free things that change everything

Save this and come back to it.

Follow @readthistwice for a reminder you'll want to read twice.

#selfrespect #growthmindset #dailyreminder"
RTT051,2026-10-21,19:30,one_liner,1,Overthinking is just fear with a calendar.,"Drop a 💥 if this hit you.

Follow @readthistwice for a reminder you'll want to read twice.

#mindset #selfimprovement #motivation"
RTT052,2026-10-22,07:30,tweet,1,Consistency looks boring from the outside. That's exactly why so few people have it.,"Send this to someone who needs it.

Follow @readthistwice for a reminder you'll want to read twice.

#personalgrowth #discipline #mindsetshift"
RTT053,2026-10-22,12:00,tweet,1,One day you'll thank yourself for not quitting the version of you nobody clapped for.,"Save this for the days you forget.

Follow @readthistwice for a reminder you'll want to read twice.

#healingjourney #selfgrowth #innerpeace"
RTT054,2026-10-22,19:30,one_liner,1,Do it scared. Do it tired. Do it anyway.,"Truth. Send this to your group chat.

Follow @readthistwice for a reminder you'll want to read twice.

#motivation #quietconfidence #levelup"
RTT055,2026-10-23,07:30,question,1,What's the best advice you ignored?,"Answer below. No wrong answers 👇

Follow @readthistwice for a reminder you'll want to read twice.

#selfrespect #growthmindset #dailyreminder"
RTT056,2026-10-23,12:00,tweet,1,Protect your mornings like they're the only part of the day you fully own. Because they are.,"Drop a 🖤 to affirm this.

Follow @readthistwice for a reminder you'll want to read twice.

#mindset #selfimprovement #motivation"
RTT057,2026-10-23,19:30,affirmation,1,My discipline is louder than my doubts.,"Comment ""mine"" to claim it 👇

Follow @readthistwice for a reminder you'll want to read twice.

#personalgrowth #discipline #mindsetshift"
RTT058,2026-10-24,07:30,carousel,7,"What healing actually looks like
---
1. Not reacting.
---
2. Letting people misunderstand you.
---
3. Being okay alone.
---
4. Going to bed early on a Friday.
---
5. Not checking their page.
---
Save this so you can read it twice.
Follow @readthistwice","What healing actually looks like

Send this to someone who's quietly leveling up.

Follow @readthistwice for a reminder you'll want to read twice.

#healingjourney #selfgrowth #innerpeace"
RTT059,2026-10-24,12:00,one_liner,1,You're not lazy. You're unclear.,"Read it twice. Drop a 💥 if it hit.

Follow @readthistwice for a reminder you'll want to read twice.

#motivation #quietconfidence #levelup"
RTT060,2026-10-24,19:30,tweet,1,Outgrowing people isn't cruel. Staying small so they stay comfortable is.,"Drop a 🖤 if you needed this today.

Follow @readthistwice for a reminder you'll want to read twice.

#selfrespect #growthmindset #dailyreminder"
RTT061,2026-10-25,07:30,tweet,1,You keep asking for a sign. The exhaustion was the sign.,"Send this to someone who needs it.

Follow @readthistwice for a reminder you'll want to read twice.

#mindset #selfimprovement #motivation"
RTT062,2026-10-25,12:00,one_liner,1,The bar was never too high. You were looking down.,"Save this one.

Follow @readthistwice for a reminder you'll want to read twice.

#personalgrowth #discipline #mindsetshift"
RTT063,2026-10-25,19:30,affirmation,1,I deserve rest without guilt.,"Type YES to claim it 👇

Follow @readthistwice for a reminder you'll want to read twice.

#healingjourney #selfgrowth #innerpeace"
RTT064,2026-10-26,07:30,carousel,7,"Rules for protecting your peace
---
1. Not every message needs a reply.
---
2. Not every opinion needs your input.
---
3. Leave early if it feels off.
---
4. Mute freely.
---
5. Rest before you break.
---
Save this so you can read it twice.
Follow @readthistwice","Rules for protecting your peace

Which one is you? Comment the number 👇

Follow @readthistwice for a reminder you'll want to read twice.

#motivation #quietconfidence #levelup"
RTT065,2026-10-26,12:00,tweet,1,Respect people who tell you the truth when lying would've been easier.,"Save this for the days you forget.

Follow @readthistwice for a reminder you'll want to read twice.

#selfrespect #growthmindset #dailyreminder"
RTT066,2026-10-26,19:30,question,1,"Rate your discipline this week, 1 to 10.","Comment your answer 👇

Follow @readthistwice for a reminder you'll want to read twice.

#mindset #selfimprovement #motivation"
RTT067,2026-10-27,07:30,one_liner,1,Effort nobody sees still counts.,"Drop a 💥 if this hit you.

Follow @readthistwice for a reminder you'll want to read twice.

#personalgrowth #discipline #mindsetshift"
RTT068,2026-10-27,12:00,tweet,1,Self-respect is when you'd rather be alone than be half-loved.,"Drop a 🖤 to affirm this.

Follow @readthistwice for a reminder you'll want to read twice.

#healingjourney #selfgrowth #innerpeace"
RTT069,2026-10-27,19:30,affirmation,1,I am safe to be fully myself.,"Type YES if this is for you 👇

Follow @readthistwice for a reminder you'll want to read twice.

#motivation #quietconfidence #levelup"
RTT070,2026-10-28,07:30,carousel,7,"Signs you're outgrowing your circle
---
1. Your wins make them quiet.
---
2. Conversations feel recycled.
---
3. You leave drained, not inspired.
---
4. You hide your goals around them.
---
5. You feel lonelier with them than alone.
---
Save this so you can read it twice.
Follow @readthistwice","Signs you're outgrowing your circle

Save this and come back to it.

Follow @readthistwice for a reminder you'll want to read twice.

#selfrespect #growthmindset #dailyreminder"
RTT071,2026-10-28,12:00,one_liner,1,Your phone is stealing your best hours.,"Truth. Send this to your group chat.

Follow @readthistwice for a reminder you'll want to read twice.

#mindset #selfimprovement #motivation"
RTT072,2026-10-28,19:30,tweet,1,Your future self is watching you right now through memories. Give them something good.,"Drop a 🖤 if you needed this today.

Follow @readthistwice for a reminder you'll want to read twice.

#personalgrowth #discipline #mindsetshift"
RTT073,2026-10-29,07:30,tweet,1,The habit you keep skipping is the door you keep saying is locked.,"Send this to someone who needs it.

Follow @readthistwice for a reminder you'll want to read twice.

#healingjourney #selfgrowth #innerpeace"
RTT074,2026-10-29,12:00,one_liner,1,Some people only love the version of you that serves them.,"Read it twice. Drop a 💥 if it hit.

Follow @readthistwice for a reminder you'll want to read twice.

#motivation #quietconfidence #levelup"
RTT075,2026-10-29,19:30,question,1,What are you healing from right now? One word.,"Answer below. No wrong answers 👇

Follow @readthistwice for a reminder you'll want to read twice.

#selfrespect #growthmindset #dailyreminder"
RTT076,2026-10-30,07:30,tweet,1,Not answering is an answer. Learn to hear it.,"Save this for the days you forget.

Follow @readthistwice for a reminder you'll want to read twice.

#mindset #selfimprovement #motivation"
RTT077,2026-10-30,12:00,affirmation,1,"Money, peace, and opportunity come to me with ease.","Comment ""mine"" to claim it 👇

Follow @readthistwice for a reminder you'll want to read twice.

#personalgrowth #discipline #mindsetshift"
RTT078,2026-10-30,19:30,carousel,7,"How to stop overthinking
---
1. Write it down.
---
2. Ask: will this matter in a year?
---
3. Give worry a 10-minute window.
---
4. Act on the smallest piece.
---
5. Go outside.
---
Save this so you can read it twice.
Follow @readthistwice","How to stop overthinking

Send this to someone who's quietly leveling up.

Follow @readthistwice for a reminder you'll want to read twice.

#healingjourney #selfgrowth #innerpeace"
RTT079,2026-10-31,07:30,one_liner,1,Start before the plan is perfect.,"Save this one.

Follow @readthistwice for a reminder you'll want to read twice.

#motivation #quietconfidence #levelup"
RTT080,2026-10-31,12:00,tweet,1,Calm is a superpower. The person who can't be provoked controls the room.,"Drop a 🖤 to affirm this.

Follow @readthistwice for a reminder you'll want to read twice.

#selfrespect #growthmindset #dailyreminder"
RTT081,2026-10-31,19:30,tweet,1,Some doors closed because you were never meant to walk back through them.,"Drop a 🖤 if you needed this today.

Follow @readthistwice for a reminder you'll want to read twice.

#mindset #selfimprovement #motivation"
RTT082,2026-11-01,07:30,one_liner,1,Distance shows you who was real.,"Drop a 💥 if this hit you.

Follow @readthistwice for a reminder you'll want to read twice.

#personalgrowth #discipline #mindsetshift"
RTT083,2026-11-01,12:00,affirmation,1,I choose progress over perfection.,"Type YES to claim it 👇

Follow @readthistwice for a reminder you'll want to read twice.

#healingjourney #selfgrowth #innerpeace"
RTT084,2026-11-01,19:30,carousel,7,"Before you give up, remember...
---
1. Why you started.
---
2. How far you've already come.
---
3. The person you'd let down is you.
---
4. Slow progress is still progress.
---
5. Tomorrow-you will be glad you stayed.
---
Save this so you can read it twice.
Follow @readthistwice","Before you give up, remember...

Which one is you? Comment the number 👇

Follow @readthistwice for a reminder you'll want to read twice.

#motivation #quietconfidence #levelup"
RTT085,2026-11-02,07:30,tweet,1,Stop shrinking to fit places you've outgrown.,"Send this to someone who needs it.

Follow @readthistwice for a reminder you'll want to read twice.

#selfrespect #growthmindset #dailyreminder"
RTT086,2026-11-02,12:00,question,1,Who are you becoming? Describe it in 3 words.,"Comment your answer 👇

Follow @readthistwice for a reminder you'll want to read twice.

#mindset #selfimprovement #motivation"
RTT087,2026-11-02,19:30,one_liner,1,Average is a decision you make daily.,"Truth. Send this to your group chat.

Follow @readthistwice for a reminder you'll want to read twice.

#personalgrowth #discipline #mindsetshift"
RTT088,2026-11-03,07:30,tweet,1,Rest is not a reward for finishing. It's part of how you finish.,"Save this for the days you forget.

Follow @readthistwice for a reminder you'll want to read twice.

#healingjourney #selfgrowth #innerpeace"
RTT089,2026-11-03,12:00,affirmation,1,I trust the timing of my life.,"Type YES if this is for you 👇

Follow @readthistwice for a reminder you'll want to read twice.

#motivation #quietconfidence #levelup"
RTT090,2026-11-03,19:30,carousel,7,"Daily non-negotiables for a better life
---
1. 10 minutes of sunlight.
---
2. One page of a book.
---
3. 7,000+ steps.
---
4. No phone for the first 30 minutes.
---
5. One hard thing.
---
Save this so you can read it twice.
Follow @readthistwice","Daily non-negotiables for a better life

Save this and come back to it.

Follow @readthistwice for a reminder you'll want to read twice.

#selfrespect #growthmindset #dailyreminder"
RTT091,2026-11-04,07:30,one_liner,1,Heal quietly. Let the results talk.,"Read it twice. Drop a 💥 if it hit.

Follow @readthistwice for a reminder you'll want to read twice.

#mindset #selfimprovement #motivation"
RTT092,2026-11-04,12:00,tweet,1,You don't have to prove anything to people who already decided who you are.,"Drop a 🖤 to affirm this.

Follow @readthistwice for a reminder you'll want to read twice.

#personalgrowth #discipline #mindsetshift"
RTT093,2026-11-04,19:30,tweet,1,Small wins every day beat big plans every January.,"Drop a 🖤 if you needed this today.

Follow @readthistwice for a reminder you'll want to read twice.

#healingjourney #selfgrowth #innerpeace"
RTT094,2026-11-05,07:30,one_liner,1,Your peace is not up for negotiation.,"Save this one.

Follow @readthistwice for a reminder you'll want to read twice.

#motivation #quietconfidence #levelup"
RTT095,2026-11-05,12:00,question,1,What would you do if you knew nobody would judge you?,"Answer below. No wrong answers 👇

Follow @readthistwice for a reminder you'll want to read twice.

#selfrespect #growthmindset #dailyreminder"
RTT096,2026-11-05,19:30,tweet,1,The people who are meant for you won't make you audition.,"Send this to someone who needs it.

Follow @readthistwice for a reminder you'll want to read twice.

#mindset #selfimprovement #motivation"
RTT097,2026-11-06,07:30,affirmation,1,I am the main character of my own healing.,"Comment ""mine"" to claim it 👇

Follow @readthistwice for a reminder you'll want to read twice.

#personalgrowth #discipline #mindsetshift"
RTT098,2026-11-06,12:00,carousel,7,"Quiet confidence looks like...
---
1. Not needing the last word.
---
2. Listening more than talking.
---
3. Celebrating others easily.
---
4. Being fine with ""no.""
---
5. Walking away without a scene.
---
Save this so you can read it twice.
Follow @readthistwice","Quiet confidence looks like...

Send this to someone who's quietly leveling up.

Follow @readthistwice for a reminder you'll want to read twice.

#healingjourney #selfgrowth #innerpeace"
RTT099,2026-11-06,19:30,one_liner,1,Don't let one bad day write the whole story.,"Drop a 💥 if this hit you.

Follow @readthistwice for a reminder you'll want to read twice.

#motivation #quietconfidence #levelup"
RTT100,2026-11-07,07:30,tweet,1,You're allowed to be a masterpiece and a work in progress at the same time.,"Save this for the days you forget.

Follow @readthistwice for a reminder you'll want to read twice.

#selfrespect #growthmindset #dailyreminder"
