date,open,close
2024-09-30,10.579999923706055,11.970000267028809
2024-10-01,10.319999694824219,14.630000114440918
2024-10-02,12.0600004196167,14.289999961853027
2024-10-03,12.369999885559082,19.170000076293945
2024-10-04,12.90999984741211,13.949999809265137
2024-10-07,10.680000305175781,14.039999961853027
2024-10-08,10.630000114440918,11.239999771118164
2024-10-09,9.859999656677246,15.09000015258789
2024-10-10,11.170000076293945,12.460000038146973
2024-10-11,9.34000015258789,11.1899995803833
2024-10-14,8.180000305175781,9.329999923706055
2024-10-15,7.980000019073486,10.680000305175781
2024-10-16,8.890000343322754,10.630000114440918
2024-10-17,8.510000228881836,11.119999885559082
2024-10-18,8.720000267028809,9.09000015258789
2024-10-21,7.239999771118164,8.649999618530273
2024-10-22,8.699999809265137,8.970000267028809
2024-10-23,7.869999885559082,12.039999961853027
2024-10-24,9.319999694824219,11.140000343322754
2024-10-25,7.900000095367432,15.170000076293945
2024-10-28,9.069999694824219,10.420000076293945
2024-10-29,8.8100004196167,11.75
2024-10-30,9.130000114440918,13.630000114440918
2024-10-31,11.619999885559082,19.219999313354492
2024-11-01,12.149999618530273,15.029999732971191
2024-11-04,11.180000305175781,14.600000381469727
2024-11-05,12.210000038146973,30.6200008392334
2024-11-06,14.630000114440918,14.869999885559082
2024-11-07,12.600000381469727,11.479999542236328
2024-11-08,8.100000381469727,9.4399995803833
2024-11-11,7.5,9.390000343322754
2024-11-12,8.069999694824219,11.569999694824219
2024-11-13,8.649999618530273,9.619999885559082
2024-11-14,8.069999694824219,11.970000267028809
2024-11-15,9.359999656677246,13.399999618530273
2024-11-18,9.640000343322754,10.260000228881836
2024-11-19,11.369999885559082,11.640000343322754
2024-11-20,9.850000381469727,19.110000610351562
2024-11-21,11.010000228881836,13.84000015258789
2024-11-22,10.859999656677246,9.930000305175781
2024-11-25,7.769999980926514,8.640000343322754
2024-11-26,8.15999984741211,8.640000343322754
2024-11-27,7.940000057220459,11.449999809265137
2024-11-29,9.390000343322754,8.640000343322754
2024-12-02,6.760000228881836,7.320000171661377
2024-12-03,7.039999961853027,8.3100004196167
2024-12-04,6.730000019073486,8.029999732971191
2024-12-05,6.170000076293945,11.15999984741211
2024-12-06,6.909999847412109,7.309999942779541
2024-12-09,5.849999904632568,7.75
2024-12-10,6.150000095367432,10.0
2024-12-11,6.730000019073486,7.630000114440918
2024-12-12,5.599999904632568,8.710000038146973
2024-12-13,5.960000038146973,8.619999885559082
2024-12-16,5.670000076293945,8.9399995803833
2024-12-17,7.139999866485596,13.289999961853027
2024-12-18,11.569999694824219,45.75
2024-12-19,15.670000076293945,23.309999465942383
2024-12-20,16.93000030517578,17.3700008392334
2024-12-23,11.40999984741211,13.4399995803833
2024-12-24,11.710000038146973,8.859999656677246
2024-12-26,9.09000015258789,9.59000015258789
2024-12-27,9.369999885559082,13.670000076293945
2024-12-30,14.0600004196167,16.559999465942383
2024-12-31,14.430000305175781,15.300000190734863
2025-01-02,12.829999923706055,15.430000305175781
2025-01-03,12.670000076293945,11.59000015258789
2025-01-06,10.1899995803833,11.420000076293945
2025-01-07,10.020000457763672,14.25
2025-01-08,15.149999618530273,18.670000076293945
2025-01-10,15.899999618530273,16.40999984741211
2025-01-13,15.0600004196167,16.81999969482422
2025-01-14,14.479999542236328,22.479999542236328
2025-01-15,13.670000076293945,13.630000114440918
2025-01-16,11.369999885559082,14.350000381469727
2025-01-17,11.430000305175781,14.890000343322754
2025-01-21,10.8100004196167,10.460000038146973
2025-01-22,7.929999828338623,9.579999923706055
2025-01-23,7.78000020980835,9.260000228881836
2025-01-24,7.829999923706055,9.010000228881836
2025-01-27,15.039999961853027,14.739999771118164
2025-01-28,11.720000267028809,13.529999732971191
2025-01-29,12.470000267028809,16.1299991607666
2025-01-30,10.489999771118164,14.720000267028809
2025-01-31,10.180000305175781,16.510000228881836
2025-02-03,14.90999984741211,18.25
2025-02-04,13.479999542236328,14.989999771118164
2025-02-05,10.5600004196167,11.079999923706055
2025-02-06,8.760000228881836,15.75
2025-02-07,9.859999656677246,16.149999618530273
2025-02-10,9.539999961853027,11.289999961853027
2025-02-11,9.859999656677246,14.069999694824219
2025-02-12,11.850000381469727,12.75
2025-02-13,10.15999984741211,10.979999542236328
2025-02-14,9.229999542236328,11.819999694824219
2025-02-18,8.40999984741211,9.3100004196167
2025-02-19,7.940000057220459,9.319999694824219
2025-02-20,7.170000076293945,11.199999809265137
2025-02-21,9.130000114440918,18.15999984741211
2025-02-24,11.260000228881836,15.100000381469727
2025-02-25,13.170000076293945,14.619999885559082
2025-02-26,13.210000038146973,20.489999771118164
2025-02-27,14.119999885559082,19.540000915527344
2025-02-28,17.540000915527344,18.670000076293945
2025-03-03,14.510000228881836,21.75
2025-03-04,21.25,24.6299991607666
2025-03-05,23.280000686645508,22.110000610351562
2025-03-06,21.0,31.1299991607666
2025-03-07,25.1200008392334,24.65999984741211
2025-03-10,22.209999084472656,28.649999618530273
2025-03-11,25.020000457763672,30.1200008392334
2025-03-12,22.90999984741211,23.190000534057617
2025-03-13,20.149999618530273,23.3799991607666
2025-03-14,19.56999969482422,21.420000076293945
2025-03-17,16.520000457763672,16.350000381469727
2025-03-18,15.710000038146973,22.09000015258789
2025-03-19,19.270000457763672,18.489999771118164
2025-03-20,17.8799991607666,18.579999923706055
2025-03-21,18.040000915527344,16.65999984741211
2025-03-24,13.140000343322754,12.989999771118164
2025-03-25,10.829999923706055,12.229999542236328
2025-03-26,10.119999885559082,16.079999923706055
2025-03-27,14.25,17.059999465942383
2025-03-28,15.710000038146973,25.420000076293945
2025-03-31,20.8700008392334,21.809999465942383
2025-04-01,18.6299991607666,20.059999465942383
2025-04-02,18.450000762939453,26.68000030517578
2025-04-03,25.350000381469727,33.83000183105469
2025-04-04,37.61000061035156,81.88999938964844
2025-04-07,60.349998474121094,66.51000213623047
2025-04-08,45.88999938964844,73.56999969482422
2025-04-09,65.1500015258789,50.15999984741211
2025-04-10,44.2599983215332,56.20000076293945
2025-04-11,51.400001525878906,54.189998626708984
2025-04-14,28.040000915527344,28.510000228881836
2025-04-15,21.31999969482422,26.030000686645508
2025-04-16,25.40999984741211,34.970001220703125
2025-04-17,24.040000915527344,31.350000381469727
2025-04-21,22.389999389648438,30.649999618530273
2025-04-22,22.049999237060547,29.09000015258789
2025-04-23,23.030000686645508,30.399999618530273
2025-04-24,22.770000457763672,25.690000534057617
2025-04-25,22.43000030517578,23.59000015258789
2025-04-28,17.399999618530273,21.360000610351562
2025-04-29,19.149999618530273,22.1200008392334
2025-04-30,22.459999084472656,22.90999984741211
2025-05-01,19.5,27.520000457763672
2025-05-02,16.549999237060547,19.979999542236328
2025-05-05,15.460000038146973,16.68000030517578
2025-05-06,14.720000267028809,22.190000534057617
2025-05-07,20.520000457763672,19.790000915527344
2025-05-08,17.170000076293945,18.1200008392334
2025-05-09,14.359999656677246,26.850000381469727
2025-05-12,16.1200008392334,18.729999542236328
2025-05-13,12.149999618530273,15.40999984741211
2025-05-14,11.6899995803833,15.210000038146973
2025-05-15,11.819999694824219,15.069999694824219
2025-05-16,11.829999923706055,13.390000343322754
2025-05-19,12.460000038146973,13.460000038146973
2025-05-20,10.529999732971191,13.739999771118164
2025-05-21,12.270000457763672,18.06999969482422
2025-05-22,14.579999923706055,16.549999237060547
2025-05-23,19.3700008392334,21.729999542236328
2025-05-27,12.239999771118164,13.140000343322754
2025-05-28,10.859999656677246,19.489999771118164
2025-05-29,14.529999732971191,17.40999984741211
2025-05-30,14.460000038146973,16.950000762939453
2025-06-02,12.350000381469727,13.260000228881836
2025-06-03,10.199999809265137,12.050000190734863
2025-06-04,10.119999885559082,12.149999618530273
2025-06-05,12.460000038146973,19.049999237060547
2025-06-06,10.699999809265137,14.319999694824219
2025-06-09,10.3100004196167,12.279999732971191
2025-06-10,9.699999809265137,15.949999809265137
2025-06-11,10.119999885559082,13.890000343322754
2025-06-12,10.640000343322754,12.710000038146973
2025-06-13,13.479999542236328,21.670000076293945
2025-06-16,10.15999984741211,12.729999542236328
2025-06-17,10.569999694824219,21.030000686645508
2025-06-18,14.960000038146973,22.1299991607666
2025-06-20,11.5,18.40999984741211
2025-06-23,11.170000076293945,13.449999809265137
2025-06-24,9.859999656677246,11.180000305175781
2025-06-25,7.960000038146973,10.420000076293945
2025-06-26,7.590000152587891,11.079999923706055
2025-06-27,7.960000038146973,12.1899995803833
2025-06-30,8.920000076293945,10.170000076293945
2025-07-01,8.65999984741211,9.680000305175781
2025-07-02,8.40999984741211,16.139999389648438
2025-07-03,11.640000343322754,14.640000343322754
2025-07-07,8.489999771118164,11.760000228881836
2025-07-08,8.069999694824219,10.529999732971191
2025-07-09,7.28000020980835,9.640000343322754
2025-07-10,7.53000020980835,9.489999771118164
2025-07-11,8.949999809265137,12.470000267028809
2025-07-14,7.480000019073486,12.449999809265137
2025-07-15,7.380000114440918,12.199999809265137
2025-07-16,7.78000020980835,10.9399995803833
2025-07-17,7.699999809265137,10.770000457763672
2025-07-18,8.050000190734863,9.850000381469727
2025-07-21,6.550000190734863,8.850000381469727
2025-07-22,7.070000171661377,8.40999984741211
2025-07-23,6.96999979019165,10.010000228881836
2025-07-24,6.880000114440918,10.029999732971191
2025-07-25,6.840000152587891,8.899999618530273
2025-07-28,6.630000114440918,7.929999828338623
2025-07-29,6.159999847412109,12.670000076293945
2025-07-30,10.420000076293945,13.829999923706055
2025-07-31,9.6899995803833,16.829999923706055
2025-08-01,14.079999923706055,20.010000228881836
2025-08-04,9.84000015258789,11.149999618530273
2025-08-05,9.210000038146973,12.3100004196167
2025-08-06,9.75,11.359999656677246
2025-08-07,8.880000114440918,12.470000267028809
2025-08-08,8.460000038146973,10.859999656677246
2025-08-11,8.399999618530273,15.930000305175781
2025-08-12,8.9399995803833,9.460000038146973
2025-08-13,6.920000076293945,10.109999656677246
2025-08-14,9.220000267028809,11.949999809265137
2025-08-15,8.449999809265137,11.789999961853027
2025-08-18,7.360000133514404,7.849999904632568
2025-08-19,6.340000152587891,10.15999984741211
2025-08-20,8.079999923706055,10.899999618530273
2025-08-21,10.3100004196167,18.239999771118164
2025-08-22,15.930000305175781,9.470000267028809
2025-08-25,7.03000020980835,8.0600004196167
2025-08-26,7.260000228881836,7.769999980926514
2025-08-27,7.010000228881836,15.069999694824219
2025-08-28,7.679999828338623,10.9399995803833
2025-08-29,8.130000114440918,11.550000190734863
2025-09-02,11.989999771118164,11.420000076293945
2025-09-03,8.699999809265137,10.0600004196167
2025-09-04,7.96999979019165,13.739999771118164
2025-09-05,9.170000076293945,10.010000228881836
2025-09-08,7.28000020980835,8.300000190734863
2025-09-09,8.09000015258789,8.930000305175781
2025-09-10,7.539999961853027,13.380000114440918
2025-09-11,8.149999618530273,10.069999694824219
2025-09-12,7.170000076293945,11.539999961853027
2025-09-15,6.360000133514404,8.989999771118164
2025-09-16,7.099999904632568,16.18000030517578
2025-09-17,14.319999694824219,14.770000457763672
2025-09-18,10.220000267028809,14.380000114440918
2025-09-19,9.350000381469727,10.649999618530273
2025-09-22,6.840000152587891,9.149999618530273
2025-09-23,6.409999847412109,9.680000305175781
2025-09-24,6.889999866485596,9.40999984741211
2025-09-25,9.670000076293945,12.350000381469727
2025-09-26,9.380000114440918,10.3100004196167
2025-09-29,7.590000152587891,10.229999542236328
2025-09-30,8.359999656677246,12.020000457763672
2025-10-01,9.470000267028809,10.319999694824219
2025-10-02,7.190000057220459,10.90999984741211
2025-10-03,7.820000171661377,11.880000114440918
2025-10-06,7.070000171661377,8.40999984741211
2025-10-07,6.71999979019165,11.300000190734863
2025-10-08,7.760000228881836,9.989999771118164
2025-10-09,6.829999923706055,11.329999923706055
2025-10-10,8.1899995803833,25.709999084472656
2025-10-13,14.050000190734863,14.640000343322754
2025-10-14,15.670000076293945,17.690000534057617
2025-10-15,11.319999694824219,17.079999923706055
2025-10-16,12.430000305175781,23.770000457763672
2025-10-17,19.3700008392334,17.889999389648438
2025-10-20,11.100000381469727,10.9399995803833
2025-10-21,8.930000305175781,11.680000305175781
2025-10-22,9.880000114440918,13.069999694824219
2025-10-23,10.84000015258789,13.800000190734863
2025-10-24,9.710000038146973,14.529999732971191
2025-10-27,7.440000057220459,8.9399995803833
2025-10-28,7.78000020980835,12.359999656677246
2025-10-29,11.579999923706055,15.15999984741211
2025-10-30,12.569999694824219,14.210000038146973
2025-10-31,10.619999885559082,13.770000457763672
2025-11-03,9.1899995803833,10.0
2025-11-04,12.300000190734863,15.229999542236328
2025-11-05,11.670000076293945,13.069999694824219
2025-11-06,11.130000114440918,15.949999809265137
2025-11-07,14.989999771118164,16.780000686645508
2025-11-10,10.270000457763672,11.210000038146973
2025-11-11,9.069999694824219,10.760000228881836
2025-11-12,8.649999618530273,12.0600004196167
2025-11-13,11.319999694824219,17.049999237060547
2025-11-14,17.850000381469727,18.5
2025-11-17,15.420000076293945,19.399999618530273
2025-11-18,16.5,20.920000076293945
2025-11-19,15.850000381469727,26.899999618530273
2025-11-20,14.119999885559082,29.170000076293945
2025-11-21,22.489999771118164,23.31999969482422
2025-11-24,15.300000190734863,14.289999961853027
2025-11-25,12.550000190734863,11.739999771118164
2025-11-26,9.850000381469727,14.720000267028809
2025-11-28,14.720000267028809,11.079999923706055
2025-12-01,11.520000457763672,11.739999771118164
2025-12-02,9.130000114440918,10.479999542236328
2025-12-03,11.65999984741211,9.84000015258789
2025-12-04,8.729999542236328,10.34000015258789
2025-12-05,9.359999656677246,9.920000076293945
2025-12-08,8.369999885559082,9.390000343322754
2025-12-09,9.0600004196167,13.699999809265137
2025-12-10,13.859999656677246,11.6899995803833
2025-12-11,10.270000457763672,10.699999809265137
2025-12-12,8.8100004196167,12.420000076293945
2025-12-15,9.039999961853027,12.890000343322754
2025-12-16,11.350000381469727,11.949999809265137
2025-12-17,10.789999961853027,16.93000030517578
2025-12-18,11.819999694824219,15.779999732971191
2025-12-19,11.609999656677246,10.350000381469727
2025-12-22,7.929999828338623,7.679999828338623
2025-12-23,7.099999904632568,7.579999923706055
2025-12-24,7.590000152587891,7.389999866485596
2025-12-26,6.460000038146973,7.71999979019165
2025-12-29,7.789999961853027,8.829999923706055
2025-12-30,7.559999942779541,10.119999885559082
2025-12-31,7.639999866485596,10.720000267028809
2026-01-02,7.590000152587891,9.890000343322754
2026-01-05,7.980000019073486,8.34000015258789
2026-01-06,7.099999904632568,7.96999979019165
2026-01-07,7.260000228881836,9.210000038146973
2026-01-08,8.3100004196167,13.640000343322754
2026-01-09,11.390000343322754,8.489999771118164
2026-01-12,8.329999923706055,9.569999694824219
2026-01-13,7.28000020980835,10.770000457763672
2026-01-14,10.359999656677246,11.800000190734863
2026-01-15,8.260000228881836,10.619999885559082
2026-01-16,8.050000190734863,12.3100004196167
2026-01-20,14.619999885559082,16.799999237060547
2026-01-21,12.680000305175781,12.229999542236328
2026-01-22,8.699999809265137,10.949999809265137
2026-01-23,9.279999732971191,13.65999984741211
2026-01-26,8.619999885559082,8.979999542236328
2026-01-27,7.28000020980835,10.609999656677246
2026-01-28,9.529999732971191,13.239999771118164
2026-01-29,9.670000076293945,13.720000267028809
2026-01-30,12.710000038146973,16.399999618530273
2026-02-02,11.720000267028809,9.479999542236328
2026-02-03,7.880000114440918,14.460000038146973
2026-02-04,12.40999984741211,17.5
2026-02-05,19.579999923706055,22.149999618530273
2026-02-06,16.59000015258789,14.979999542236328
2026-02-09,12.729999542236328,10.640000343322754
2026-02-10,9.029999732971191,13.640000343322754
2026-02-11,9.109999656677246,12.149999618530273
2026-02-12,9.510000228881836,21.510000228881836
2026-02-13,17.549999237060547,22.43000030517578
2026-02-17,15.470000267028809,16.15999984741211
2026-02-18,14.640000343322754,14.579999923706055
2026-02-19,13.640000343322754,16.6200008392334
2026-02-20,15.949999809265137,17.780000686645508
2026-02-23,11.710000038146973,15.069999694824219
2026-02-24,14.149999618530273,12.710000038146973
2026-02-25,9.640000343322754,16.09000015258789
2026-02-26,12.079999923706055,13.680000305175781
2026-02-27,15.550000190734863,19.049999237060547
2026-03-02,17.290000915527344,16.34000015258789
2026-03-03,17.729999542236328,20.299999237060547
2026-03-04,15.079999923706055,17.829999923706055
2026-03-05,14.880000114440918,21.8799991607666
2026-03-06,21.31999969482422,32.650001525878906
2026-03-09,20.489999771118164,22.68000030517578
2026-03-10,15.069999694824219,21.290000915527344
2026-03-11,14.930000305175781,18.989999771118164
2026-03-12,16.280000686645508,24.209999084472656
2026-03-13,16.40999984741211,30.239999771118164
2026-03-16,15.229999542236328,17.420000076293945
2026-03-17,12.239999771118164,17.549999237060547
2026-03-18,15.729999542236328,22.1299991607666
2026-03-19,19.040000915527344,20.719999313354492
2026-03-20,15.90999984741211,28.940000534057617
2026-03-23,20.3700008392334,23.170000076293945
2026-03-24,16.84000015258789,20.729999542236328
2026-03-25,14.899999618530273,19.079999923706055
2026-03-26,15.050000190734863,23.90999984741211
2026-03-27,17.75,34.29999923706055
2026-03-30,16.489999771118164,23.020000457763672
2026-03-31,16.770000457763672,19.030000686645508
2026-04-01,14.260000228881836,22.950000762939453
2026-04-02,16.860000610351562,27.59000015258789
2026-04-06,15.170000076293945,18.100000381469727
2026-04-07,15.920000076293945,31.850000381469727
2026-04-08,13.890000343322754,16.479999542236328
2026-04-09,10.890000343322754,14.069999694824219
2026-04-10,9.850000381469727,19.06999969482422
2026-04-13,11.319999694824219,11.770000457763672
2026-04-14,8.279999732971191,12.5
2026-04-15,8.539999961853027,12.649999618530273
2026-04-16,9.199999809265137,12.020000457763672
2026-04-17,10.279999732971191,14.239999771118164
2026-04-20,10.479999542236328,12.130000114440918
2026-04-21,10.210000038146973,16.200000762939453
2026-04-22,10.350000381469727,12.279999732971191
2026-04-23,10.1899995803833,14.819999694824219
2026-04-24,11.329999923706055,16.6200008392334
2026-04-27,9.350000381469727,10.569999694824219
2026-04-28,10.430000305175781,11.65999984741211
2026-04-29,11.229999542236328,18.149999618530273
2026-04-30,11.350000381469727,11.579999923706055
2026-05-01,7.929999828338623,13.710000038146973
2026-05-04,9.600000381469727,12.699999809265137
2026-05-05,8.0,10.75
2026-05-06,8.75,11.65999984741211
2026-05-07,8.739999771118164,12.380000114440918
2026-05-08,9.119999885559082,12.699999809265137
2026-05-11,8.09000015258789,11.520000457763672
2026-05-12,9.010000228881836,10.850000381469727
2026-05-13,8.6899995803833,11.539999961853027
2026-05-14,9.1899995803833,11.800000190734863
2026-05-15,12.329999923706055,16.75
2026-05-18,10.510000228881836,13.100000381469727
2026-05-19,11.850000381469727,13.300000190734863
2026-05-20,10.90999984741211,16.209999084472656
2026-05-21,12.880000114440918,14.020000457763672
2026-05-22,11.069999694824219,17.420000076293945
2026-05-26,9.489999771118164,11.130000114440918
2026-05-27,8.770000457763672,10.069999694824219
2026-05-28,8.65999984741211,10.859999656677246
2026-05-29,8.399999618530273,12.4399995803833
2026-06-01,10.079999923706055,9.600000381469727
2026-06-02,7.880000114440918,8.880000114440918
2026-06-03,7.510000228881836,11.479999542236328
2026-06-04,9.359999656677246,10.59000015258789
2026-06-05,9.4399995803833,28.700000762939453
2026-06-08,13.079999923706055,16.020000457763672
2026-06-09,9.930000305175781,20.600000381469727
2026-06-10,18.34000015258789,23.850000381469727
2026-06-11,18.770000457763672,21.09000015258789
2026-06-12,17.780000686645508,19.1200008392334
2026-06-15,10.600000381469727,12.920000076293945
2026-06-16,9.470000267028809,16.09000015258789
2026-06-17,13.770000457763672,20.68000030517578
2026-06-18,12.170000076293945,15.680000305175781
2026-06-22,9.850000381469727,12.420000076293945
2026-06-23,16.290000915527344,16.670000076293945
2026-06-24,12.979999542236328,16.68000030517578
2026-06-25,12.079999923706055,15.970000267028809
2026-06-26,15.649999618530273,17.559999465942383
2026-06-29,12.260000228881836,13.5600004196167
2026-06-30,11.949999809265137,11.609999656677246
2026-07-01,10.899999618530273,13.020000457763672
2026-07-02,10.239999771118164,13.220000267028809
2026-07-06,9.050000190734863,8.729999542236328
2026-07-07,8.350000381469727,10.65999984741211
2026-07-08,11.779999732971191,12.680000305175781
2026-07-09,10.449999809265137,10.130000114440918
2026-07-10,8.739999771118164,9.899999618530273
2026-07-13,8.579999923706055,14.630000114440918
2026-07-14,10.619999885559082,10.569999694824219
2026-07-15,7.809999942779541,9.510000228881836
2026-07-16,8.579999923706055,12.720000267028809
2026-07-17,13.15999984741211,16.690000534057617
2026-07-20,9.109999656677246,13.430000305175781
2026-07-21,8.960000038146973,10.140000343322754
2026-07-22,8.600000381469727,11.390000343322754
2026-07-23,12.430000305175781,14.710000038146973
2026-07-24,11.100000381469727,15.430000305175781
2026-07-27,8.760000228881836,13.09000015258789
2026-07-28,11.039999961853027,15.770000457763672
2026-07-29,15.930000305175781,19.450000762939453
2026-07-30,12.470000267028809,14.140000343322754
2026-07-31,10.020000457763672,12.289999961853027
2026-08-03,9.25,9.430000305175781
2026-08-04,7.989999771118164,13.859999656677246
2026-08-05,14.050000190734863,12.119999885559082
2026-08-06,10.109999656677246,12.550000190734863
2026-08-07,10.399999618530273,11.359999656677246
2026-08-10,8.039999961853027,9.34000015258789
2026-08-11,7.519999980926514,12.520000457763672
2026-08-12,8.819999694824219,9.460000038146973
2026-08-13,6.949999809265137,9.489999771118164
2026-08-14,7.070000171661377,9.180000305175781
2026-08-17,6.389999866485596,8.319999694824219
2026-08-18,7.96999979019165,10.0600004196167
2026-08-19,7.190000057220459,9.760000228881836
2026-08-20,8.670000076293945,12.3100004196167
2026-08-21,8.229999542236328,10.0
2026-08-24,7.409999847412109,8.710000038146973
2026-08-25,8.710000038146973,8.40999984741211
2026-08-26,6.869999885559082,12.90999984741211
2026-08-27,8.270000457763672,11.520000457763672
2026-08-28,9.979999542236328,10.210000038146973
2026-08-31,7.590000152587891,8.90999984741211
2026-09-01,8.34000015258789,10.800000190734863
2026-09-02,7.769999980926514,10.430000305175781
2026-09-03,7.360000133514404,10.84000015258789
2026-09-04,7.96999979019165,12.029999732971191
2026-09-08,7.019999980926514,10.430000305175781
2026-09-09,7.940000057220459,11.449999809265137
2026-09-10,9.399999618530273,17.459999084472656
2026-09-11,9.539999961853027,12.979999542236328
2026-09-14,8.529999732971191,12.020000457763672
2026-09-15,7.78000020980835,17.139999389648438
2026-09-16,13.680000305175781,17.010000228881836
2026-09-17,8.180000305175781,13.119999885559082
2026-09-18,8.140000343322754,11.420000076293945
2026-09-21,5.880000114440918,10.0
2026-09-22,6.670000076293945,8.829999923706055
2026-09-23,6.139999866485596,10.710000038146973
2026-09-24,8.510000228881836,12.100000381469727
2026-09-25,7.760000228881836,12.510000228881836
2026-09-28,8.369999885559082,11.270000457763672
